数据路径,标签
traindata\b\0ba812e2-397f-11e9-b902-001a7dda7111.cap,b
traindata\b\0ba861e8-397f-11e9-b265-001a7dda7111.cap,b
traindata\b\0ba888a4-397f-11e9-a06d-001a7dda7111.cap,b
traindata\b\0ba8b058-397f-11e9-b91b-001a7dda7111.cap,b
traindata\b\0ba8b059-397f-11e9-83a1-001a7dda7111.cap,b
traindata\b\0ba8d6d2-397f-11e9-89bd-001a7dda7111.cap,b
traindata\b\0ba8d6d3-397f-11e9-ac52-001a7dda7111.cap,b
traindata\b\0ba8d6d4-397f-11e9-a66b-001a7dda7111.cap,b
traindata\b\0ba8fd9e-397f-11e9-8eec-001a7dda7111.cap,b
traindata\b\0ba8fd9f-397f-11e9-8fd2-001a7dda7111.cap,b
traindata\b\0ba924ae-397f-11e9-a786-001a7dda7111.cap,b
traindata\b\0ba924af-397f-11e9-9aa5-001a7dda7111.cap,b
traindata\b\0ba94a90-397f-11e9-ad25-001a7dda7111.cap,b
traindata\b\0ba9729c-397f-11e9-9d5a-001a7dda7111.cap,b
traindata\b\0ba9729d-397f-11e9-b5a9-001a7dda7111.cap,b
traindata\b\0ba9998c-397f-11e9-8144-001a7dda7111.cap,b
traindata\b\0ba9998d-397f-11e9-a2d9-001a7dda7111.cap,b
traindata\b\0ba9bf74-397f-11e9-8073-001a7dda7111.cap,b
traindata\b\0ba9bf75-397f-11e9-b600-001a7dda7111.cap,b
traindata\b\0ba9e774-397f-11e9-b0ae-001a7dda7111.cap,b
traindata\b\0baa0d62-397f-11e9-b695-001a7dda7111.cap,b
traindata\b\0baa344a-397f-11e9-a81f-001a7dda7111.cap,b
traindata\b\0baa344b-397f-11e9-a074-001a7dda7111.cap,b
traindata\b\0baa5b4c-397f-11e9-928c-001a7dda7111.cap,b
traindata\b\0baa834c-397f-11e9-a170-001a7dda7111.cap,b
traindata\b\0baa834d-397f-11e9-bbaa-001a7dda7111.cap,b
traindata\b\0baaaa64-397f-11e9-a548-001a7dda7111.cap,b
traindata\b\0baad028-397f-11e9-a6ea-001a7dda7111.cap,b
traindata\b\0baad029-397f-11e9-9e80-001a7dda7111.cap,b
traindata\b\0baaf729-397f-11e9-8c6c-001a7dda7111.cap,b
traindata\b\0bab1ec2-397f-11e9-bb0a-001a7dda7111.cap,b
traindata\b\0bab45f0-397f-11e9-8c72-001a7dda7111.cap,b
traindata\b\0bab45f1-397f-11e9-bb16-001a7dda7111.cap,b
traindata\b\0bab6cec-397f-11e9-9377-001a7dda7111.cap,b
traindata\b\0bab6ced-397f-11e9-af73-001a7dda7111.cap,b
traindata\b\0bab6cee-397f-11e9-ab83-001a7dda7111.cap,b
traindata\b\0bab93e8-397f-11e9-9b17-001a7dda7111.cap,b
traindata\b\0babbacc-397f-11e9-8208-001a7dda7111.cap,b
traindata\b\0babbacd-397f-11e9-a4ff-001a7dda7111.cap,b
traindata\b\0babbace-397f-11e9-b6fa-001a7dda7111.cap,b
traindata\b\0babe1e4-397f-11e9-82a4-001a7dda7111.cap,b
traindata\b\0babe1e5-397f-11e9-8304-001a7dda7111.cap,b
traindata\b\0bac08b8-397f-11e9-96e9-001a7dda7111.cap,b
traindata\b\0bac08b9-397f-11e9-97b1-001a7dda7111.cap,b
traindata\b\0bac08ba-397f-11e9-8500-001a7dda7111.cap,b
traindata\b\0bac2fae-397f-11e9-bd8e-001a7dda7111.cap,b
traindata\b\0bac56a4-397f-11e9-90b2-001a7dda7111.cap,b
traindata\b\0bac56a5-397f-11e9-919b-001a7dda7111.cap,b
traindata\b\0bac7d9e-397f-11e9-acb8-001a7dda7111.cap,b
traindata\b\0bac7d9f-397f-11e9-b8ab-001a7dda7111.cap,b
traindata\b\0baca39a-397f-11e9-93c5-001a7dda7111.cap,b
traindata\b\0bacca98-397f-11e9-98df-001a7dda7111.cap,b
traindata\b\0bacca99-397f-11e9-8b3c-001a7dda7111.cap,b
traindata\b\0bacf198-397f-11e9-9878-001a7dda7111.cap,b
traindata\b\0bacf199-397f-11e9-8884-001a7dda7111.cap,b
traindata\b\0bad1878-397f-11e9-80f4-001a7dda7111.cap,b
traindata\b\0bad1879-397f-11e9-8da3-001a7dda7111.cap,b
traindata\b\0bad3f78-397f-11e9-990d-001a7dda7111.cap,b
traindata\b\0bad3f79-397f-11e9-a657-001a7dda7111.cap,b
traindata\b\0bad3f7a-397f-11e9-930a-001a7dda7111.cap,b
traindata\b\0bad6670-397f-11e9-9a53-001a7dda7111.cap,b
traindata\b\0bad6671-397f-11e9-8777-001a7dda7111.cap,b
traindata\b\0bad8d63-397f-11e9-a0c0-001a7dda7111.cap,b
traindata\b\0bad8d64-397f-11e9-a03a-001a7dda7111.cap,b
traindata\b\0badb458-397f-11e9-bb1d-001a7dda7111.cap,b
traindata\b\0badb459-397f-11e9-b60f-001a7dda7111.cap,b
traindata\b\0baddb4c-397f-11e9-b04c-001a7dda7111.cap,b
traindata\b\0bae023e-397f-11e9-8473-001a7dda7111.cap,b
traindata\b\0bae023f-397f-11e9-b4e7-001a7dda7111.cap,b
traindata\b\0bae2936-397f-11e9-be20-001a7dda7111.cap,b
traindata\b\0bae2937-397f-11e9-ac67-001a7dda7111.cap,b
traindata\b\0bae2938-397f-11e9-85c2-001a7dda7111.cap,b
traindata\b\115c8d74-397f-11e9-b074-001a7dda7111.cap,b
traindata\b\115cb464-397f-11e9-9074-001a7dda7111.cap,b
traindata\b\115cdb64-397f-11e9-9616-001a7dda7111.cap,b
traindata\b\115cdb65-397f-11e9-acad-001a7dda7111.cap,b
traindata\b\115d0276-397f-11e9-b15f-001a7dda7111.cap,b
traindata\b\115d0277-397f-11e9-b8bb-001a7dda7111.cap,b
traindata\b\115d293e-397f-11e9-8ba8-001a7dda7111.cap,b
traindata\b\115d293f-397f-11e9-8459-001a7dda7111.cap,b
traindata\b\115d2940-397f-11e9-83eb-001a7dda7111.cap,b
traindata\b\115d7728-397f-11e9-baf2-001a7dda7111.cap,b
traindata\b\196c6d87-397f-11e9-a0dd-001a7dda7111.cap,b
traindata\b\196c9480-397f-11e9-ae67-001a7dda7111.cap,b
traindata\b\196c9481-397f-11e9-a8ea-001a7dda7111.cap,b
traindata\b\196cbb6e-397f-11e9-9d76-001a7dda7111.cap,b
traindata\b\196cbb6f-397f-11e9-89c1-001a7dda7111.cap,b
traindata\b\196ce264-397f-11e9-bc1d-001a7dda7111.cap,b
traindata\b\196ce265-397f-11e9-a6df-001a7dda7111.cap,b
traindata\b\196d095a-397f-11e9-9ff6-001a7dda7111.cap,b
traindata\b\196d095b-397f-11e9-af4d-001a7dda7111.cap,b
traindata\b\196d5758-397f-11e9-b9f5-001a7dda7111.cap,b
traindata\b\196d7e86-397f-11e9-b433-001a7dda7111.cap,b
traindata\b\196da540-397f-11e9-84c8-001a7dda7111.cap,b
traindata\b\196dcc2e-397f-11e9-8c45-001a7dda7111.cap,b
traindata\b\196dcc2f-397f-11e9-9d85-001a7dda7111.cap,b
traindata\b\196df410-397f-11e9-93b5-001a7dda7111.cap,b
traindata\b\196e1a12-397f-11e9-a8a5-001a7dda7111.cap,b
traindata\b\196e1a13-397f-11e9-a18d-001a7dda7111.cap,b
traindata\b\196e1a14-397f-11e9-9180-001a7dda7111.cap,b
traindata\b\196e421e-397f-11e9-8255-001a7dda7111.cap,b
traindata\b\1dc2214d-397f-11e9-ac1e-001a7dda7111.cap,b
traindata\b\1dc24837-397f-11e9-a4a5-001a7dda7111.cap,b
traindata\b\1dc26f28-397f-11e9-8d39-001a7dda7111.cap,b
traindata\b\1dc26f29-397f-11e9-910a-001a7dda7111.cap,b
traindata\b\1dc2961e-397f-11e9-a26a-001a7dda7111.cap,b
traindata\b\1dc2961f-397f-11e9-9fe5-001a7dda7111.cap,b
traindata\b\1dc29620-397f-11e9-a078-001a7dda7111.cap,b
traindata\b\1dc30b00-397f-11e9-9291-001a7dda7111.cap,b
traindata\b\1dc30b01-397f-11e9-b434-001a7dda7111.cap,b
traindata\b\1dc33318-397f-11e9-9439-001a7dda7111.cap,b
traindata\b\1dc33319-397f-11e9-bb46-001a7dda7111.cap,b
traindata\b\1dc358f4-397f-11e9-a7fd-001a7dda7111.cap,b
traindata\b\1dc37fe8-397f-11e9-b3c3-001a7dda7111.cap,b
traindata\b\1dc37fe9-397f-11e9-9e5d-001a7dda7111.cap,b
traindata\b\1dc37fea-397f-11e9-bd87-001a7dda7111.cap,b
traindata\b\1dc3a6d3-397f-11e9-a686-001a7dda7111.cap,b
traindata\b\1dc3cdd0-397f-11e9-b9f2-001a7dda7111.cap,b
traindata\b\1dc3cdd1-397f-11e9-8ec3-001a7dda7111.cap,b
traindata\b\1dc3cdd2-397f-11e9-9444-001a7dda7111.cap,b
traindata\b\1dc3f4c7-397f-11e9-aeb1-001a7dda7111.cap,b
traindata\b\1dc41bb0-397f-11e9-9a7e-001a7dda7111.cap,b
traindata\b\1dc41bb1-397f-11e9-b352-001a7dda7111.cap,b
traindata\b\1dc442a8-397f-11e9-ade5-001a7dda7111.cap,b
traindata\b\1dc46a28-397f-11e9-a95d-001a7dda7111.cap,b
traindata\b\1dc49098-397f-11e9-bb36-001a7dda7111.cap,b
traindata\b\1dc49099-397f-11e9-84ca-001a7dda7111.cap,b
traindata\b\1dc4b78a-397f-11e9-a806-001a7dda7111.cap,b
traindata\b\1dc4b78b-397f-11e9-b1e9-001a7dda7111.cap,b
traindata\b\1dc4de80-397f-11e9-b95b-001a7dda7111.cap,b
traindata\b\1dc4de81-397f-11e9-984d-001a7dda7111.cap,b
traindata\b\1dc5057e-397f-11e9-9311-001a7dda7111.cap,b
traindata\b\1dc5057f-397f-11e9-b498-001a7dda7111.cap,b
traindata\b\1dc52d54-397f-11e9-9d56-001a7dda7111.cap,b
traindata\b\1dc55442-397f-11e9-a612-001a7dda7111.cap,b
traindata\b\1dc55443-397f-11e9-bfbb-001a7dda7111.cap,b
traindata\b\1dc57b6e-397f-11e9-a45c-001a7dda7111.cap,b
traindata\b\1dc57b6f-397f-11e9-8d60-001a7dda7111.cap,b
traindata\b\1dc5a14c-397f-11e9-b336-001a7dda7111.cap,b
traindata\b\1dc5a14d-397f-11e9-95d4-001a7dda7111.cap,b
traindata\b\1dc5c8ca-397f-11e9-8da3-001a7dda7111.cap,b
traindata\b\1dc5c8cb-397f-11e9-9d19-001a7dda7111.cap,b
traindata\b\1dc5ef40-397f-11e9-8801-001a7dda7111.cap,b
traindata\b\1dc5ef41-397f-11e9-99d0-001a7dda7111.cap,b
traindata\b\1dc5ef42-397f-11e9-a0ad-001a7dda7111.cap,b
traindata\b\1dc61722-397f-11e9-baa5-001a7dda7111.cap,b
traindata\b\1dc61723-397f-11e9-9007-001a7dda7111.cap,b
traindata\b\1dc63d50-397f-11e9-9b09-001a7dda7111.cap,b
traindata\b\1dc63d51-397f-11e9-8795-001a7dda7111.cap,b
traindata\b\1dc68b22-397f-11e9-9356-001a7dda7111.cap,b
traindata\b\1dc6b20a-397f-11e9-a5a6-001a7dda7111.cap,b
traindata\b\1dc6d926-397f-11e9-83db-001a7dda7111.cap,b
traindata\b\1dc6ffee-397f-11e9-9f29-001a7dda7111.cap,b
traindata\b\1dc6ffef-397f-11e9-994d-001a7dda7111.cap,b
traindata\b\1dc727c7-397f-11e9-b198-001a7dda7111.cap,b
traindata\b\1dc74dd4-397f-11e9-ae7d-001a7dda7111.cap,b
traindata\b\1dc74dd5-397f-11e9-925f-001a7dda7111.cap,b
traindata\b\1dc774c8-397f-11e9-9172-001a7dda7111.cap,b
traindata\b\1dc79cdb-397f-11e9-b85b-001a7dda7111.cap,b
traindata\b\1dc7c3cc-397f-11e9-9758-001a7dda7111.cap,b
traindata\b\1dc7c3cd-397f-11e9-9ed9-001a7dda7111.cap,b
traindata\b\1dc7c3ce-397f-11e9-890e-001a7dda7111.cap,b
traindata\b\1dc7eae6-397f-11e9-844c-001a7dda7111.cap,b
traindata\b\1dc7eae7-397f-11e9-a92f-001a7dda7111.cap,b
traindata\b\1dc810ac-397f-11e9-a5a4-001a7dda7111.cap,b
traindata\b\1dc810ad-397f-11e9-8e5c-001a7dda7111.cap,b
traindata\b\1dc837a2-397f-11e9-88f4-001a7dda7111.cap,b
traindata\b\1dc837a3-397f-11e9-9042-001a7dda7111.cap,b
traindata\b\1dc85fa8-397f-11e9-9de0-001a7dda7111.cap,b
traindata\b\1dc85fa9-397f-11e9-8381-001a7dda7111.cap,b
traindata\b\1dc8869d-397f-11e9-b450-001a7dda7111.cap,b
traindata\b\1dc8ad7a-397f-11e9-a7bb-001a7dda7111.cap,b
traindata\b\1dc8ad7b-397f-11e9-b55f-001a7dda7111.cap,b
traindata\b\1dc8ad7c-397f-11e9-bdeb-001a7dda7111.cap,b
traindata\b\1dc8d48c-397f-11e9-b294-001a7dda7111.cap,b
traindata\b\1dc8d48d-397f-11e9-9411-001a7dda7111.cap,b
traindata\b\1dc8fb78-397f-11e9-ab9b-001a7dda7111.cap,b
traindata\b\1dc8fb79-397f-11e9-8c6d-001a7dda7111.cap,b
traindata\b\1dc8fb7a-397f-11e9-854c-001a7dda7111.cap,b
traindata\b\1dc92280-397f-11e9-87fa-001a7dda7111.cap,b
traindata\b\1dc92281-397f-11e9-ac0e-001a7dda7111.cap,b
traindata\b\1dc9496e-397f-11e9-addf-001a7dda7111.cap,b
traindata\b\1dc9496f-397f-11e9-8aa9-001a7dda7111.cap,b
traindata\b\1dc96f4a-397f-11e9-bd62-001a7dda7111.cap,b
traindata\b\1dc96f4b-397f-11e9-bc26-001a7dda7111.cap,b
traindata\b\1dc99630-397f-11e9-8bdf-001a7dda7111.cap,b
traindata\b\1dc99631-397f-11e9-8ed4-001a7dda7111.cap,b
traindata\b\1dc9bd26-397f-11e9-bcc4-001a7dda7111.cap,b
traindata\b\1dc9bd27-397f-11e9-b0d6-001a7dda7111.cap,b
traindata\b\1dc9bd28-397f-11e9-93b2-001a7dda7111.cap,b
traindata\b\1dc9e41e-397f-11e9-84d2-001a7dda7111.cap,b
traindata\b\1dca0b18-397f-11e9-bfc7-001a7dda7111.cap,b
traindata\b\1dca0b19-397f-11e9-8f0c-001a7dda7111.cap,b
traindata\b\1dca0b1a-397f-11e9-b8b2-001a7dda7111.cap,b
traindata\b\1dca3208-397f-11e9-87fc-001a7dda7111.cap,b
traindata\b\1dca3209-397f-11e9-97c2-001a7dda7111.cap,b
traindata\b\1dca58fe-397f-11e9-b616-001a7dda7111.cap,b
traindata\b\1dca8110-397f-11e9-a513-001a7dda7111.cap,b
traindata\b\1dcaa6f4-397f-11e9-97d2-001a7dda7111.cap,b
traindata\b\1dcaa6f5-397f-11e9-bcd7-001a7dda7111.cap,b
traindata\b\1dcaa6f6-397f-11e9-af0e-001a7dda7111.cap,b
traindata\b\1dcacde8-397f-11e9-921c-001a7dda7111.cap,b
traindata\b\1dcacde9-397f-11e9-a2f4-001a7dda7111.cap,b
traindata\b\1dcaf4d8-397f-11e9-b88b-001a7dda7111.cap,b
traindata\b\1dcaf4d9-397f-11e9-8a4e-001a7dda7111.cap,b
traindata\b\1dcb69c1-397f-11e9-a98f-001a7dda7111.cap,b
traindata\b\1dcb90ae-397f-11e9-a60d-001a7dda7111.cap,b
traindata\b\1dcb90af-397f-11e9-b3b5-001a7dda7111.cap,b
traindata\b\1dcbdea8-397f-11e9-8ff5-001a7dda7111.cap,b
traindata\b\1dcbdea9-397f-11e9-869a-001a7dda7111.cap,b
traindata\b\1dcc06b4-397f-11e9-ac1f-001a7dda7111.cap,b
traindata\b\1dcc06b5-397f-11e9-b72d-001a7dda7111.cap,b
traindata\b\1dcc2c7a-397f-11e9-8b9d-001a7dda7111.cap,b
traindata\b\1dcc2c7b-397f-11e9-a812-001a7dda7111.cap,b
traindata\b\1dcc2c7c-397f-11e9-9f35-001a7dda7111.cap,b
traindata\b\1dcc5374-397f-11e9-9a97-001a7dda7111.cap,b
traindata\b\1dcc5375-397f-11e9-9e2c-001a7dda7111.cap,b
traindata\b\1dcc7a68-397f-11e9-a4d5-001a7dda7111.cap,b
traindata\b\1dcc7a69-397f-11e9-a719-001a7dda7111.cap,b
traindata\b\1dcca15d-397f-11e9-8f9e-001a7dda7111.cap,b
traindata\b\1dcca15e-397f-11e9-8617-001a7dda7111.cap,b
traindata\b\1dccc852-397f-11e9-be85-001a7dda7111.cap,b
traindata\b\1dccc853-397f-11e9-915f-001a7dda7111.cap,b
traindata\b\2121738c-397f-11e9-a8cc-001a7dda7111.cap,b
traindata\b\2121738d-397f-11e9-89cf-001a7dda7111.cap,b
traindata\b\2121c17a-397f-11e9-8fd8-001a7dda7111.cap,b
traindata\b\2121c17b-397f-11e9-b4a1-001a7dda7111.cap,b
traindata\b\2121e92e-397f-11e9-9008-001a7dda7111.cap,b
traindata\b\21225d4c-397f-11e9-8c65-001a7dda7111.cap,b
traindata\b\21225d4d-397f-11e9-8739-001a7dda7111.cap,b
traindata\b\21228446-397f-11e9-b07a-001a7dda7111.cap,b
traindata\b\21228447-397f-11e9-926c-001a7dda7111.cap,b
traindata\b\2122ab3e-397f-11e9-9b44-001a7dda7111.cap,b
traindata\b\2122ab3f-397f-11e9-99a4-001a7dda7111.cap,b
traindata\b\2122d38a-397f-11e9-be43-001a7dda7111.cap,b
traindata\b\2122d38b-397f-11e9-99c9-001a7dda7111.cap,b
traindata\b\212542e2-397f-11e9-b0a1-001a7dda7111.cap,b
traindata\b\21256880-397f-11e9-af3d-001a7dda7111.cap,b
traindata\b\21256881-397f-11e9-af24-001a7dda7111.cap,b
traindata\b\21258f78-397f-11e9-8497-001a7dda7111.cap,b
traindata\b\21258f79-397f-11e9-ae42-001a7dda7111.cap,b
traindata\b\2125b740-397f-11e9-9f3c-001a7dda7111.cap,b
traindata\b\2125b741-397f-11e9-ab40-001a7dda7111.cap,b
traindata\b\2125de36-397f-11e9-be66-001a7dda7111.cap,b
traindata\b\21260548-397f-11e9-af80-001a7dda7111.cap,b
traindata\b\21260549-397f-11e9-99b0-001a7dda7111.cap,b
traindata\b\21262c2e-397f-11e9-a68b-001a7dda7111.cap,b
traindata\b\21262c2f-397f-11e9-bed1-001a7dda7111.cap,b
traindata\b\21265314-397f-11e9-b2b0-001a7dda7111.cap,b
traindata\b\21265315-397f-11e9-8370-001a7dda7111.cap,b
traindata\b\2126793a-397f-11e9-8c48-001a7dda7111.cap,b
traindata\b\2126793b-397f-11e9-8f17-001a7dda7111.cap,b
traindata\b\2126a028-397f-11e9-8c50-001a7dda7111.cap,b
traindata\b\2126a029-397f-11e9-9f63-001a7dda7111.cap,b
traindata\b\2126c736-397f-11e9-bd5f-001a7dda7111.cap,b
traindata\b\21271508-397f-11e9-8dce-001a7dda7111.cap,b
traindata\b\21271509-397f-11e9-8596-001a7dda7111.cap,b
traindata\b\21273bf8-397f-11e9-838d-001a7dda7111.cap,b
traindata\b\212762fe-397f-11e9-bffd-001a7dda7111.cap,b
traindata\b\21278aa2-397f-11e9-a63c-001a7dda7111.cap,b
traindata\b\2127b0de-397f-11e9-bca7-001a7dda7111.cap,b
traindata\b\2127b0df-397f-11e9-9f3b-001a7dda7111.cap,b
traindata\b\2127d7d1-397f-11e9-8d7f-001a7dda7111.cap,b
traindata\b\2127fec6-397f-11e9-b86f-001a7dda7111.cap,b
traindata\b\2127fec7-397f-11e9-afc1-001a7dda7111.cap,b
traindata\b\212825c0-397f-11e9-84f9-001a7dda7111.cap,b
traindata\b\212825c1-397f-11e9-85a0-001a7dda7111.cap,b
traindata\b\212825c2-397f-11e9-816a-001a7dda7111.cap,b
traindata\b\21284d68-397f-11e9-b7ac-001a7dda7111.cap,b
traindata\b\21284d69-397f-11e9-be8f-001a7dda7111.cap,b
traindata\b\21287498-397f-11e9-a480-001a7dda7111.cap,b
traindata\b\21289b4c-397f-11e9-84d6-001a7dda7111.cap,b
traindata\b\21289b4d-397f-11e9-8018-001a7dda7111.cap,b
traindata\b\2128c248-397f-11e9-8d70-001a7dda7111.cap,b
traindata\b\2128c249-397f-11e9-94c4-001a7dda7111.cap,b
traindata\b\2128e87e-397f-11e9-9af1-001a7dda7111.cap,b
traindata\b\2128e87f-397f-11e9-80ad-001a7dda7111.cap,b
traindata\b\21290f74-397f-11e9-9a9e-001a7dda7111.cap,b
traindata\b\21290f75-397f-11e9-ae53-001a7dda7111.cap,b
traindata\b\21293690-397f-11e9-a843-001a7dda7111.cap,b
traindata\b\21295d70-397f-11e9-87de-001a7dda7111.cap,b
traindata\b\21295d71-397f-11e9-aa7c-001a7dda7111.cap,b
traindata\b\244fede8-397f-11e9-a7f3-001a7dda7111.cap,b
traindata\b\245013a4-397f-11e9-be33-001a7dda7111.cap,b
traindata\b\245013a5-397f-11e9-ae0b-001a7dda7111.cap,b
traindata\b\24503b34-397f-11e9-8e80-001a7dda7111.cap,b
traindata\b\24503b35-397f-11e9-a8d1-001a7dda7111.cap,b
traindata\b\245062ad-397f-11e9-b19f-001a7dda7111.cap,b
traindata\b\2450881c-397f-11e9-9e92-001a7dda7111.cap,b
traindata\b\2450af00-397f-11e9-8494-001a7dda7111.cap,b
traindata\b\2450af01-397f-11e9-949a-001a7dda7111.cap,b
traindata\b\2450d729-397f-11e9-bb26-001a7dda7111.cap,b
traindata\b\2450fcf6-397f-11e9-88f2-001a7dda7111.cap,b
traindata\b\2450fcf7-397f-11e9-b1ec-001a7dda7111.cap,b
traindata\b\245123e8-397f-11e9-8087-001a7dda7111.cap,b
traindata\b\245123e9-397f-11e9-8eb6-001a7dda7111.cap,b
traindata\b\245123ea-397f-11e9-9c41-001a7dda7111.cap,b
traindata\b\245171ca-397f-11e9-a065-001a7dda7111.cap,b
traindata\b\245171cb-397f-11e9-8341-001a7dda7111.cap,b
traindata\b\245198c2-397f-11e9-8495-001a7dda7111.cap,b
traindata\b\245198c3-397f-11e9-a04c-001a7dda7111.cap,b
traindata\b\2451bfca-397f-11e9-8e9b-001a7dda7111.cap,b
traindata\b\24520da8-397f-11e9-827a-001a7dda7111.cap,b
traindata\b\245234a2-397f-11e9-80a6-001a7dda7111.cap,b
traindata\b\24525b9a-397f-11e9-8a09-001a7dda7111.cap,b
traindata\b\24525b9b-397f-11e9-9389-001a7dda7111.cap,b
traindata\b\245283a2-397f-11e9-9f60-001a7dda7111.cap,b
traindata\b\245283a3-397f-11e9-a7a6-001a7dda7111.cap,b
traindata\b\252204141551103454.cap,b
traindata\b\252204311551103471.cap,b
traindata\b\252204371551103477.cap,b
traindata\b\252204431551103483.cap,b
traindata\b\252204481551103488.cap,b
traindata\b\252204541551103494.cap,b
traindata\b\252204591551103499.cap,b
traindata\b\252205101551103510.cap,b
traindata\b\252205151551103515.cap,b
traindata\b\252205211551103521.cap,b
traindata\b\252205261551103526.cap,b
traindata\b\252205311551103531.cap,b
traindata\b\252205381551103538.cap,b
traindata\b\252205431551103543.cap,b
traindata\b\252205481551103548.cap,b
traindata\b\252205531551103553.cap,b
traindata\b\252205591551103559.cap,b
traindata\b\252206041551103564.cap,b
traindata\b\252206091551103569.cap,b
traindata\b\252206141551103574.cap,b
traindata\b\252206201551103580.cap,b
traindata\b\252206251551103585.cap,b
traindata\b\252206301551103590.cap,b
traindata\b\252206361551103596.cap,b
traindata\b\252206411551103601.cap,b
traindata\b\252206461551103606.cap,b
traindata\b\252206571551103617.cap,b
traindata\b\252207031551103623.cap,b
traindata\b\252223521551104632.cap,b
traindata\b\252223551551104635.cap,b
traindata\b\252224011551104641.cap,b
traindata\b\252224061551104646.cap,b
traindata\b\252224121551104652.cap,b
traindata\b\252224171551104657.cap,b
traindata\b\252224231551104663.cap,b
traindata\b\252224281551104668.cap,b
traindata\b\252224331551104673.cap,b
traindata\b\252224381551104678.cap,b
traindata\b\252224441551104684.cap,b
traindata\b\252224491551104689.cap,b
traindata\b\252224541551104694.cap,b
traindata\b\252225001551104700.cap,b
traindata\b\252225111551104711.cap,b
traindata\b\252225161551104716.cap,b
traindata\b\252225211551104721.cap,b
traindata\b\252225381551104738.cap,b
traindata\b\252225491551104749.cap,b
traindata\b\252225541551104754.cap,b
traindata\b\252225591551104759.cap,b
traindata\b\252226051551104765.cap,b
traindata\b\252226101551104770.cap,b
traindata\b\252226211551104781.cap,b
traindata\m\1.cap,m
traindata\m\10.cap,m
traindata\m\100.cap,m
traindata\m\101.cap,m
traindata\m\102.cap,m
traindata\m\103.cap,m
traindata\m\104.cap,m
traindata\m\105.cap,m
traindata\m\106.cap,m
traindata\m\107.cap,m
traindata\m\108.cap,m
traindata\m\109.cap,m
traindata\m\11.cap,m
traindata\m\110.cap,m
traindata\m\11045.cap,m
traindata\m\11046.cap,m
traindata\m\11047.cap,m
traindata\m\11048.cap,m
traindata\m\11049.cap,m
traindata\m\11050.cap,m
traindata\m\11051.cap,m
traindata\m\11052.cap,m
traindata\m\11053.cap,m
traindata\m\11054.cap,m
traindata\m\111.cap,m
traindata\m\112.cap,m
traindata\m\113.cap,m
traindata\m\114.cap,m
traindata\m\115.cap,m
traindata\m\116.cap,m
traindata\m\117.cap,m
traindata\m\119.cap,m
traindata\m\12.cap,m
traindata\m\120.cap,m
traindata\m\121.cap,m
traindata\m\122.cap,m
traindata\m\124.cap,m
traindata\m\125.cap,m
traindata\m\126.cap,m
traindata\m\127.cap,m
traindata\m\128.cap,m
traindata\m\129.cap,m
traindata\m\13.cap,m
traindata\m\130.cap,m
traindata\m\131.cap,m
traindata\m\133.cap,m
traindata\m\134.cap,m
traindata\m\135.cap,m
traindata\m\136.cap,m
traindata\m\137.cap,m
traindata\m\138.cap,m
traindata\m\14.cap,m
traindata\m\140.cap,m
traindata\m\141.cap,m
traindata\m\143.cap,m
traindata\m\144.cap,m
traindata\m\145.cap,m
traindata\m\146.cap,m
traindata\m\147.cap,m
traindata\m\148.cap,m
traindata\m\149.cap,m
traindata\m\15.cap,m
traindata\m\150.cap,m
traindata\m\151.cap,m
traindata\m\152.cap,m
traindata\m\153.cap,m
traindata\m\154.cap,m
traindata\m\155.cap,m
traindata\m\156.cap,m
traindata\m\157.cap,m
traindata\m\158.cap,m
traindata\m\159.cap,m
traindata\m\160.cap,m
traindata\m\162.cap,m
traindata\m\163.cap,m
traindata\m\164.cap,m
traindata\m\165.cap,m
traindata\m\166.cap,m
traindata\m\167.cap,m
traindata\m\168.cap,m
traindata\m\169.cap,m
traindata\m\170.cap,m
traindata\m\171.cap,m
traindata\m\172.cap,m
traindata\m\173.cap,m
traindata\m\174.cap,m
traindata\m\175.cap,m
traindata\m\176.cap,m
traindata\m\177.cap,m
traindata\m\178.cap,m
traindata\m\179.cap,m
traindata\m\18.cap,m
traindata\m\180.cap,m
traindata\m\181.cap,m
traindata\m\182.cap,m
traindata\m\184.cap,m
traindata\m\185.cap,m
traindata\m\187.cap,m
traindata\m\188.cap,m
traindata\m\189.cap,m
traindata\m\19.cap,m
traindata\m\190.cap,m
traindata\m\191.cap,m
traindata\m\192.cap,m
traindata\m\193.cap,m
traindata\m\195.cap,m
traindata\m\196.cap,m
traindata\m\197.cap,m
traindata\m\198.cap,m
traindata\m\199.cap,m
traindata\m\2.cap,m
traindata\m\20.cap,m
traindata\m\200.cap,m
traindata\m\201.cap,m
traindata\m\202.cap,m
traindata\m\203.cap,m
traindata\m\204.cap,m
traindata\m\206.cap,m
traindata\m\207.cap,m
traindata\m\208.cap,m
traindata\m\209.cap,m
traindata\m\21.cap,m
traindata\m\210.cap,m
traindata\m\211.cap,m
traindata\m\212.cap,m
traindata\m\213.cap,m
traindata\m\214.cap,m
traindata\m\215.cap,m
traindata\m\216.cap,m
traindata\m\217.cap,m
traindata\m\218.cap,m
traindata\m\219.cap,m
traindata\m\22.cap,m
traindata\m\220.cap,m
traindata\m\221.cap,m
traindata\m\222.cap,m
traindata\m\223.cap,m
traindata\m\224.cap,m
traindata\m\225.cap,m
traindata\m\226.cap,m
traindata\m\227.cap,m
traindata\m\228.cap,m
traindata\m\229.cap,m
traindata\m\230.cap,m
traindata\m\231.cap,m
traindata\m\232.cap,m
traindata\m\233.cap,m
traindata\m\235.cap,m
traindata\m\236.cap,m
traindata\m\237.cap,m
traindata\m\239.cap,m
traindata\m\24.cap,m
traindata\m\240.cap,m
traindata\m\243.cap,m
traindata\m\244.cap,m
traindata\m\245.cap,m
traindata\m\246.cap,m
traindata\m\249.cap,m
traindata\m\25.cap,m
traindata\m\252.cap,m
traindata\m\253.cap,m
traindata\m\254.cap,m
traindata\m\255.cap,m
traindata\m\256.cap,m
traindata\m\257.cap,m
traindata\m\258.cap,m
traindata\m\26.cap,m
traindata\m\260.cap,m
traindata\m\261.cap,m
traindata\m\262.cap,m
traindata\m\263.cap,m
traindata\m\265.cap,m
traindata\m\266.cap,m
traindata\m\268.cap,m
traindata\m\269.cap,m
traindata\m\27.cap,m
traindata\m\270.cap,m
traindata\m\271.cap,m
traindata\m\272.cap,m
traindata\m\273.cap,m
traindata\m\274.cap,m
traindata\m\275.cap,m
traindata\m\276.cap,m
traindata\m\277.cap,m
traindata\m\278.cap,m
traindata\m\28.cap,m
traindata\m\280.cap,m
traindata\m\281.cap,m
traindata\m\282.cap,m
traindata\m\284.cap,m
traindata\m\286.cap,m
traindata\m\287.cap,m
traindata\m\288.cap,m
traindata\m\289.cap,m
traindata\m\29.cap,m
traindata\m\290.cap,m
traindata\m\291.cap,m
traindata\m\292.cap,m
traindata\m\293.cap,m
traindata\m\294.cap,m
traindata\m\295.cap,m
traindata\m\296.cap,m
traindata\m\297.cap,m
traindata\m\298.cap,m
traindata\m\299.cap,m
traindata\m\30.cap,m
traindata\m\300.cap,m
traindata\m\301.cap,m
traindata\m\302.cap,m
traindata\m\303.cap,m
traindata\m\304.cap,m
traindata\m\305.cap,m
traindata\m\307.cap,m
traindata\m\308.cap,m
traindata\m\309.cap,m
traindata\m\31.cap,m
traindata\m\310.cap,m
traindata\m\312.cap,m
traindata\m\313.cap,m
traindata\m\315.cap,m
traindata\m\316.cap,m
traindata\m\317.cap,m
traindata\m\318.cap,m
traindata\m\319.cap,m
traindata\m\32.cap,m
traindata\m\320.cap,m
traindata\m\321.cap,m
traindata\m\322.cap,m
traindata\m\325.cap,m
traindata\m\326.cap,m
traindata\m\327.cap,m
traindata\m\329.cap,m
traindata\m\33.cap,m
traindata\m\330.cap,m
traindata\m\331.cap,m
traindata\m\332.cap,m
traindata\m\333.cap,m
traindata\m\334.cap,m
traindata\m\336.cap,m
traindata\m\337.cap,m
traindata\m\338.cap,m
traindata\m\339.cap,m
traindata\m\34.cap,m
traindata\m\340.cap,m
traindata\m\341.cap,m
traindata\m\342.cap,m
traindata\m\344.cap,m
traindata\m\345.cap,m
traindata\m\346.cap,m
traindata\m\347.cap,m
traindata\m\348.cap,m
traindata\m\349.cap,m
traindata\m\35.cap,m
traindata\m\350.cap,m
traindata\m\351.cap,m
traindata\m\352.cap,m
traindata\m\353.cap,m
traindata\m\354.cap,m
traindata\m\355.cap,m
traindata\m\356.cap,m
traindata\m\357.cap,m
traindata\m\358.cap,m
traindata\m\359.cap,m
traindata\m\360.cap,m
traindata\m\361.cap,m
traindata\m\362.cap,m
traindata\m\363.cap,m
traindata\m\364.cap,m
traindata\m\367.cap,m
traindata\m\368.cap,m
traindata\m\369.cap,m
traindata\m\37.cap,m
traindata\m\370.cap,m
traindata\m\371.cap,m
traindata\m\372.cap,m
traindata\m\373.cap,m
traindata\m\374.cap,m
traindata\m\375.cap,m
traindata\m\376.cap,m
traindata\m\377.cap,m
traindata\m\378.cap,m
traindata\m\379.cap,m
traindata\m\38.cap,m
traindata\m\380.cap,m
traindata\m\381.cap,m
traindata\m\382.cap,m
traindata\m\383.cap,m
traindata\m\384.cap,m
traindata\m\385.cap,m
traindata\m\386.cap,m
traindata\m\387.cap,m
traindata\m\388.cap,m
traindata\m\389.cap,m
traindata\m\39.cap,m
traindata\m\391.cap,m
traindata\m\392.cap,m
traindata\m\393.cap,m
traindata\m\394.cap,m
traindata\m\397.cap,m
traindata\m\398.cap,m
traindata\m\399.cap,m
traindata\m\4.cap,m
traindata\m\40.cap,m
traindata\m\400.cap,m
traindata\m\401.cap,m
traindata\m\402.cap,m
traindata\m\403.cap,m
traindata\m\404.cap,m
traindata\m\405.cap,m
traindata\m\407.cap,m
traindata\m\408.cap,m
traindata\m\409.cap,m
traindata\m\41.cap,m
traindata\m\410.cap,m
traindata\m\411.cap,m
traindata\m\412.cap,m
traindata\m\413.cap,m
traindata\m\414.cap,m
traindata\m\415.cap,m
traindata\m\416.cap,m
traindata\m\417.cap,m
traindata\m\418.cap,m
traindata\m\419.cap,m
traindata\m\42.cap,m
traindata\m\420.cap,m
traindata\m\421.cap,m
traindata\m\422.cap,m
traindata\m\423.cap,m
traindata\m\424.cap,m
traindata\m\425.cap,m
traindata\m\426.cap,m
traindata\m\427.cap,m
traindata\m\428.cap,m
traindata\m\429.cap,m
traindata\m\43.cap,m
traindata\m\430.cap,m
traindata\m\431.cap,m
traindata\m\432.cap,m
traindata\m\435.cap,m
traindata\m\436.cap,m
traindata\m\437.cap,m
traindata\m\438.cap,m
traindata\m\439.cap,m
traindata\m\44.cap,m
traindata\m\440.cap,m
traindata\m\441.cap,m
traindata\m\443.cap,m
traindata\m\445.cap,m
traindata\m\446.cap,m
traindata\m\447.cap,m
traindata\m\448.cap,m
traindata\m\449.cap,m
traindata\m\45.cap,m
traindata\m\450.cap,m
traindata\m\451.cap,m
traindata\m\452.cap,m
traindata\m\453.cap,m
traindata\m\454.cap,m
traindata\m\455.cap,m
traindata\m\456.cap,m
traindata\m\457.cap,m
traindata\m\458.cap,m
traindata\m\459.cap,m
traindata\m\460.cap,m
traindata\m\461.cap,m
traindata\m\462.cap,m
traindata\m\463.cap,m
traindata\m\464.cap,m
traindata\m\465.cap,m
traindata\m\466.cap,m
traindata\m\467.cap,m
traindata\m\469.cap,m
traindata\m\47.cap,m
traindata\m\470.cap,m
traindata\m\471.cap,m
traindata\m\472.cap,m
traindata\m\473.cap,m
traindata\m\474.cap,m
traindata\m\475.cap,m
traindata\m\476.cap,m
traindata\m\477.cap,m
traindata\m\478.cap,m
traindata\m\479.cap,m
traindata\m\48.cap,m
traindata\m\480.cap,m
traindata\m\481.cap,m
traindata\m\482.cap,m
traindata\m\483.cap,m
traindata\m\484.cap,m
traindata\m\485.cap,m
traindata\m\486.cap,m
traindata\m\487.cap,m
traindata\m\488.cap,m
traindata\m\489.cap,m
traindata\m\49.cap,m
traindata\m\490.cap,m
traindata\m\491.cap,m
traindata\m\492.cap,m
traindata\m\493.cap,m
traindata\m\494.cap,m
traindata\m\495.cap,m
traindata\m\496.cap,m
traindata\m\497.cap,m
traindata\m\498.cap,m
traindata\m\499.cap,m
traindata\m\5.cap,m
traindata\m\50.cap,m
traindata\m\501.cap,m
traindata\m\502.cap,m
traindata\m\504.cap,m
traindata\m\505.cap,m
traindata\m\506.cap,m
traindata\m\507.cap,m
traindata\m\508.cap,m
traindata\m\509.cap,m
traindata\m\51.cap,m
traindata\m\510.cap,m
traindata\m\511.cap,m
traindata\m\512.cap,m
traindata\m\513.cap,m
traindata\m\514.cap,m
traindata\m\515.cap,m
traindata\m\516.cap,m
traindata\m\517.cap,m
traindata\m\518.cap,m
traindata\m\52.cap,m
traindata\m\520.cap,m
traindata\m\521.cap,m
traindata\m\522.cap,m
traindata\m\523.cap,m
traindata\m\524.cap,m
traindata\m\525.cap,m
traindata\m\526.cap,m
traindata\m\527.cap,m
traindata\m\528.cap,m
traindata\m\529.cap,m
traindata\m\53.cap,m
traindata\m\530.cap,m
traindata\m\531.cap,m
traindata\m\532.cap,m
traindata\m\533.cap,m
traindata\m\534.cap,m
traindata\m\535.cap,m
traindata\m\536.cap,m
traindata\m\537.cap,m
traindata\m\538.cap,m
traindata\m\539.cap,m
traindata\m\54.cap,m
traindata\m\540.cap,m
traindata\m\542.cap,m
traindata\m\543.cap,m
traindata\m\544.cap,m
traindata\m\545.cap,m
traindata\m\546.cap,m
traindata\m\547.cap,m
traindata\m\548.cap,m
traindata\m\549.cap,m
traindata\m\55.cap,m
traindata\m\550.cap,m
traindata\m\552.cap,m
traindata\m\553.cap,m
traindata\m\555.cap,m
traindata\m\556.cap,m
traindata\m\558.cap,m
traindata\m\559.cap,m
traindata\m\56.cap,m
traindata\m\560.cap,m
traindata\m\561.cap,m
traindata\m\562.cap,m
traindata\m\563.cap,m
traindata\m\564.cap,m
traindata\m\565.cap,m
traindata\m\566.cap,m
traindata\m\567.cap,m
traindata\m\568.cap,m
traindata\m\57.cap,m
traindata\m\570.cap,m
traindata\m\571.cap,m
traindata\m\572.cap,m
traindata\m\574.cap,m
traindata\m\575.cap,m
traindata\m\577.cap,m
traindata\m\578.cap,m
traindata\m\579.cap,m
traindata\m\58.cap,m
traindata\m\580.cap,m
traindata\m\581.cap,m
traindata\m\582.cap,m
traindata\m\583.cap,m
traindata\m\584.cap,m
traindata\m\585.cap,m
traindata\m\586.cap,m
traindata\m\587.cap,m
traindata\m\588.cap,m
traindata\m\589.cap,m
traindata\m\59.cap,m
traindata\m\590.cap,m
traindata\m\591.cap,m
traindata\m\592.cap,m
traindata\m\593.cap,m
traindata\m\594.cap,m
traindata\m\595.cap,m
traindata\m\596.cap,m
traindata\m\597.cap,m
traindata\m\598.cap,m
traindata\m\599.cap,m
traindata\m\6.cap,m
traindata\m\60.cap,m
traindata\m\600.cap,m
traindata\m\601.cap,m
traindata\m\602.cap,m
traindata\m\603.cap,m
traindata\m\604.cap,m
traindata\m\605.cap,m
traindata\m\606.cap,m
traindata\m\607.cap,m
traindata\m\608.cap,m
traindata\m\61.cap,m
traindata\m\610.cap,m
traindata\m\611.cap,m
traindata\m\612.cap,m
traindata\m\613.cap,m
traindata\m\614.cap,m
traindata\m\615.cap,m
traindata\m\616.cap,m
traindata\m\618.cap,m
traindata\m\619.cap,m
traindata\m\62.cap,m
traindata\m\620.cap,m
traindata\m\621.cap,m
traindata\m\622.cap,m
traindata\m\623.cap,m
traindata\m\625.cap,m
traindata\m\626.cap,m
traindata\m\627.cap,m
traindata\m\628.cap,m
traindata\m\629.cap,m
traindata\m\63.cap,m
traindata\m\630.cap,m
traindata\m\631.cap,m
traindata\m\632.cap,m
traindata\m\633.cap,m
traindata\m\634.cap,m
traindata\m\635.cap,m
traindata\m\636.cap,m
traindata\m\637.cap,m
traindata\m\638.cap,m
traindata\m\639.cap,m
traindata\m\640.cap,m
traindata\m\641.cap,m
traindata\m\642.cap,m
traindata\m\643.cap,m
traindata\m\644.cap,m
traindata\m\646.cap,m
traindata\m\647.cap,m
traindata\m\648.cap,m
traindata\m\649.cap,m
traindata\m\65.cap,m
traindata\m\650.cap,m
traindata\m\651.cap,m
traindata\m\653.cap,m
traindata\m\654.cap,m
traindata\m\655.cap,m
traindata\m\656.cap,m
traindata\m\657.cap,m
traindata\m\659.cap,m
traindata\m\66.cap,m
traindata\m\660.cap,m
traindata\m\662.cap,m
traindata\m\663.cap,m
traindata\m\664.cap,m
traindata\m\666.cap,m
traindata\m\667.cap,m
traindata\m\668.cap,m
traindata\m\669.cap,m
traindata\m\670.cap,m
traindata\m\671.cap,m
traindata\m\672.cap,m
traindata\m\673.cap,m
traindata\m\674.cap,m
traindata\m\675.cap,m
traindata\m\676.cap,m
traindata\m\677.cap,m
traindata\m\678.cap,m
traindata\m\679.cap,m
traindata\m\68.cap,m
traindata\m\680.cap,m
traindata\m\681.cap,m
traindata\m\682.cap,m
traindata\m\683.cap,m
traindata\m\684.cap,m
traindata\m\685.cap,m
traindata\m\686.cap,m
traindata\m\687.cap,m
traindata\m\688.cap,m
traindata\m\689.cap,m
traindata\m\69.cap,m
traindata\m\690.cap,m
traindata\m\691.cap,m
traindata\m\692.cap,m
traindata\m\693.cap,m
traindata\m\694.cap,m
traindata\m\695.cap,m
traindata\m\697.cap,m
traindata\m\698.cap,m
traindata\m\699.cap,m
traindata\m\7.cap,m
traindata\m\70.cap,m
traindata\m\701.cap,m
traindata\m\702.cap,m
traindata\m\703.cap,m
traindata\m\704.cap,m
traindata\m\705.cap,m
traindata\m\706.cap,m
traindata\m\707.cap,m
traindata\m\708.cap,m
traindata\m\709.cap,m
traindata\m\71.cap,m
traindata\m\710.cap,m
traindata\m\711.cap,m
traindata\m\712.cap,m
traindata\m\713.cap,m
traindata\m\714.cap,m
traindata\m\715.cap,m
traindata\m\716.cap,m
traindata\m\717.cap,m
traindata\m\718.cap,m
traindata\m\719.cap,m
traindata\m\72.cap,m
traindata\m\720.cap,m
traindata\m\721.cap,m
traindata\m\722.cap,m
traindata\m\723.cap,m
traindata\m\724.cap,m
traindata\m\725.cap,m
traindata\m\726.cap,m
traindata\m\727.cap,m
traindata\m\728.cap,m
traindata\m\729.cap,m
traindata\m\73.cap,m
traindata\m\731.cap,m
traindata\m\732.cap,m
traindata\m\733.cap,m
traindata\m\734.cap,m
traindata\m\735.cap,m
traindata\m\736.cap,m
traindata\m\737.cap,m
traindata\m\738.cap,m
traindata\m\739.cap,m
traindata\m\74.cap,m
traindata\m\740.cap,m
traindata\m\741.cap,m
traindata\m\742.cap,m
traindata\m\743.cap,m
traindata\m\744.cap,m
traindata\m\745.cap,m
traindata\m\746.cap,m
traindata\m\747.cap,m
traindata\m\748.cap,m
traindata\m\749.cap,m
traindata\m\75.cap,m
traindata\m\750.cap,m
traindata\m\751.cap,m
traindata\m\752.cap,m
traindata\m\754.cap,m
traindata\m\755.cap,m
traindata\m\756.cap,m
traindata\m\757.cap,m
traindata\m\758.cap,m
traindata\m\759.cap,m
traindata\m\76.cap,m
traindata\m\760.cap,m
traindata\m\761.cap,m
traindata\m\762.cap,m
traindata\m\763.cap,m
traindata\m\764.cap,m
traindata\m\765.cap,m
traindata\m\766.cap,m
traindata\m\767.cap,m
traindata\m\769.cap,m
traindata\m\77.cap,m
traindata\m\770.cap,m
traindata\m\771.cap,m
traindata\m\772.cap,m
traindata\m\773.cap,m
traindata\m\774.cap,m
traindata\m\775.cap,m
traindata\m\776.cap,m
traindata\m\777.cap,m
traindata\m\778.cap,m
traindata\m\779.cap,m
traindata\m\78.cap,m
traindata\m\780.cap,m
traindata\m\781.cap,m
traindata\m\782.cap,m
traindata\m\783.cap,m
traindata\m\784.cap,m
traindata\m\785.cap,m
traindata\m\786.cap,m
traindata\m\787.cap,m
traindata\m\788.cap,m
traindata\m\789.cap,m
traindata\m\79.cap,m
traindata\m\790.cap,m
traindata\m\791.cap,m
traindata\m\792.cap,m
traindata\m\794.cap,m
traindata\m\795.cap,m
traindata\m\796.cap,m
traindata\m\797.cap,m
traindata\m\798.cap,m
traindata\m\799.cap,m
traindata\m\8.cap,m
traindata\m\80.cap,m
traindata\m\800.cap,m
traindata\m\801.cap,m
traindata\m\802.cap,m
traindata\m\803.cap,m
traindata\m\805.cap,m
traindata\m\806.cap,m
traindata\m\807.cap,m
traindata\m\808.cap,m
traindata\m\809.cap,m
traindata\m\81.cap,m
traindata\m\810.cap,m
traindata\m\812.cap,m
traindata\m\813.cap,m
traindata\m\814.cap,m
traindata\m\815.cap,m
traindata\m\816.cap,m
traindata\m\817.cap,m
traindata\m\819.cap,m
traindata\m\82.cap,m
traindata\m\820.cap,m
traindata\m\821.cap,m
traindata\m\822.cap,m
traindata\m\824.cap,m
traindata\m\825.cap,m
traindata\m\826.cap,m
traindata\m\827.cap,m
traindata\m\828.cap,m
traindata\m\829.cap,m
traindata\m\83.cap,m
traindata\m\830.cap,m
traindata\m\831.cap,m
traindata\m\833.cap,m
traindata\m\834.cap,m
traindata\m\836.cap,m
traindata\m\837.cap,m
traindata\m\838.cap,m
traindata\m\839.cap,m
traindata\m\84.cap,m
traindata\m\840.cap,m
traindata\m\841.cap,m
traindata\m\842.cap,m
traindata\m\843.cap,m
traindata\m\844.cap,m
traindata\m\845.cap,m
traindata\m\846.cap,m
traindata\m\847.cap,m
traindata\m\849.cap,m
traindata\m\85.cap,m
traindata\m\850.cap,m
traindata\m\851.cap,m
traindata\m\852.cap,m
traindata\m\853.cap,m
traindata\m\854.cap,m
traindata\m\855.cap,m
traindata\m\856.cap,m
traindata\m\857.cap,m
traindata\m\858.cap,m
traindata\m\859.cap,m
traindata\m\86.cap,m
traindata\m\860.cap,m
traindata\m\861.cap,m
traindata\m\862.cap,m
traindata\m\863.cap,m
traindata\m\864.cap,m
traindata\m\865.cap,m
traindata\m\866.cap,m
traindata\m\867.cap,m
traindata\m\868.cap,m
traindata\m\869.cap,m
traindata\m\87.cap,m
traindata\m\870.cap,m
traindata\m\871.cap,m
traindata\m\872.cap,m
traindata\m\873.cap,m
traindata\m\874.cap,m
traindata\m\875.cap,m
traindata\m\877.cap,m
traindata\m\879.cap,m
traindata\m\88.cap,m
traindata\m\880.cap,m
traindata\m\882.cap,m
traindata\m\883.cap,m
traindata\m\884.cap,m
traindata\m\885.cap,m
traindata\m\886.cap,m
traindata\m\888.cap,m
traindata\m\889.cap,m
traindata\m\89.cap,m
traindata\m\890.cap,m
traindata\m\891.cap,m
traindata\m\892.cap,m
traindata\m\893.cap,m
traindata\m\894.cap,m
traindata\m\895.cap,m
traindata\m\896.cap,m
traindata\m\897.cap,m
traindata\m\898.cap,m
traindata\m\899.cap,m
traindata\m\9.cap,m
traindata\m\90.cap,m
traindata\m\900.cap,m
traindata\m\901.cap,m
traindata\m\902.cap,m
traindata\m\904.cap,m
traindata\m\905.cap,m
traindata\m\906.cap,m
traindata\m\908.cap,m
traindata\m\909.cap,m
traindata\m\91.cap,m
traindata\m\911.cap,m
traindata\m\912.cap,m
traindata\m\913.cap,m
traindata\m\914.cap,m
traindata\m\915.cap,m
traindata\m\916.cap,m
traindata\m\917.cap,m
traindata\m\918.cap,m
traindata\m\920.cap,m
traindata\m\921.cap,m
traindata\m\922.cap,m
traindata\m\924.cap,m
traindata\m\925.cap,m
traindata\m\926.cap,m
traindata\m\927.cap,m
traindata\m\929.cap,m
traindata\m\93.cap,m
traindata\m\930.cap,m
traindata\m\931.cap,m
traindata\m\932.cap,m
traindata\m\933.cap,m
traindata\m\934.cap,m
traindata\m\935.cap,m
traindata\m\937.cap,m
traindata\m\938.cap,m
traindata\m\939.cap,m
traindata\m\94.cap,m
traindata\m\940.cap,m
traindata\m\941.cap,m
traindata\m\942.cap,m
traindata\m\943.cap,m
traindata\m\944.cap,m
traindata\m\945.cap,m
traindata\m\946.cap,m
traindata\m\948.cap,m
traindata\m\949.cap,m
traindata\m\95.cap,m
traindata\m\950.cap,m
traindata\m\951.cap,m
traindata\m\952.cap,m
traindata\m\953.cap,m
traindata\m\954.cap,m
traindata\m\955.cap,m
traindata\m\956.cap,m
traindata\m\957.cap,m
traindata\m\958.cap,m
traindata\m\959.cap,m
traindata\m\96.cap,m
traindata\m\960.cap,m
traindata\m\961.cap,m
traindata\m\962.cap,m
traindata\m\963.cap,m
traindata\m\964.cap,m
traindata\m\965.cap,m
traindata\m\967.cap,m
traindata\m\968.cap,m
traindata\m\969.cap,m
traindata\m\97.cap,m
traindata\m\970.cap,m
traindata\m\972.cap,m
traindata\m\973.cap,m
traindata\m\974.cap,m
traindata\m\975.cap,m
traindata\m\977.cap,m
traindata\m\978.cap,m
traindata\m\979.cap,m
traindata\m\98.cap,m
traindata\m\980.cap,m
traindata\m\981.cap,m
traindata\m\983.cap,m
traindata\m\984.cap,m
traindata\m\985.cap,m
traindata\m\986.cap,m
traindata\m\987.cap,m
traindata\m\988.cap,m
traindata\m\99.cap,m
traindata\m\990.cap,m
